-- phpMyAdmin SQL Dump
-- version 4.7.7
-- https://www.phpmyadmin.net/
--
-- Host: 127.0.0.1
-- Generation Time: Oct 22, 2020 at 06:16 AM
-- Server version: 10.1.30-MariaDB
-- PHP Version: 7.2.2

SET SQL_MODE = "NO_AUTO_VALUE_ON_ZERO";
SET AUTOCOMMIT = 0;
START TRANSACTION;
SET time_zone = "+00:00";


/*!40101 SET @OLD_CHARACTER_SET_CLIENT=@@CHARACTER_SET_CLIENT */;
/*!40101 SET @OLD_CHARACTER_SET_RESULTS=@@CHARACTER_SET_RESULTS */;
/*!40101 SET @OLD_COLLATION_CONNECTION=@@COLLATION_CONNECTION */;
/*!40101 SET NAMES utf8mb4 */;

--
-- Database: `laravel_instagram`
--

-- --------------------------------------------------------

--
-- Table structure for table `comments`
--

CREATE TABLE `comments` (
  `id` int(255) NOT NULL,
  `user_id` int(255) DEFAULT NULL,
  `image_id` int(255) DEFAULT NULL,
  `content` text,
  `created_at` datetime DEFAULT NULL,
  `updated_at` datetime DEFAULT NULL
) ENGINE=InnoDB DEFAULT CHARSET=latin1;

--
-- Dumping data for table `comments`
--

INSERT INTO `comments` (`id`, `user_id`, `image_id`, `content`, `created_at`, `updated_at`) VALUES
(1, 1, 4, 'Buena foto de familia!!', '2020-10-21 21:33:40', '2020-10-21 21:33:40'),
(2, 2, 1, 'Buena foto de PLAYA!!', '2020-10-21 21:33:40', '2020-10-21 21:33:40'),
(3, 2, 4, 'que bueno!!', '2020-10-21 21:33:40', '2020-10-21 21:33:40');

-- --------------------------------------------------------

--
-- Table structure for table `images`
--

CREATE TABLE `images` (
  `id` int(255) NOT NULL,
  `user_id` int(255) DEFAULT NULL,
  `image_path` varchar(255) DEFAULT NULL,
  `description` text,
  `created_at` datetime DEFAULT NULL,
  `updated_at` datetime DEFAULT NULL
) ENGINE=InnoDB DEFAULT CHARSET=latin1;

--
-- Dumping data for table `images`
--

INSERT INTO `images` (`id`, `user_id`, `image_path`, `description`, `created_at`, `updated_at`) VALUES
(1, 1, 'test.jpg', 'descripci贸n de prueba 1', '2020-10-21 21:33:39', '2020-10-21 21:33:39'),
(2, 1, 'playa.jpg', 'descripci贸n de prueba 2', '2020-10-21 21:33:40', '2020-10-21 21:33:40'),
(3, 1, 'arena.jpg', 'descripci贸n de prueba 3', '2020-10-21 21:33:40', '2020-10-21 21:33:40'),
(4, 3, 'familia.jpg', 'descripci贸n de prueba 4', '2020-10-21 21:33:40', '2020-10-21 21:33:40');

-- --------------------------------------------------------

--
-- Table structure for table `likes`
--

CREATE TABLE `likes` (
  `id` int(255) NOT NULL,
  `user_id` int(255) DEFAULT NULL,
  `image_id` int(255) DEFAULT NULL,
  `created_at` datetime DEFAULT NULL,
  `updated_at` datetime DEFAULT NULL
) ENGINE=InnoDB DEFAULT CHARSET=latin1;

--
-- Dumping data for table `likes`
--

INSERT INTO `likes` (`id`, `user_id`, `image_id`, `created_at`, `updated_at`) VALUES
(1, 1, 4, '2020-10-21 21:33:40', '2020-10-21 21:33:40'),
(2, 2, 4, '2020-10-21 21:33:40', '2020-10-21 21:33:40'),
(3, 3, 1, '2020-10-21 21:33:40', '2020-10-21 21:33:40'),
(4, 3, 2, '2020-10-21 21:33:41', '2020-10-21 21:33:41'),
(5, 2, 1, '2020-10-21 21:33:41', '2020-10-21 21:33:41');

-- --------------------------------------------------------

--
-- Table structure for table `users`
--

CREATE TABLE `users` (
  `id` int(255) NOT NULL,
  `role` varchar(20) DEFAULT NULL,
  `name` varchar(100) DEFAULT NULL,
  `surname` varchar(200) DEFAULT NULL,
  `nick` varchar(100) DEFAULT NULL,
  `email` varchar(255) DEFAULT NULL,
  `password` varchar(255) DEFAULT NULL,
  `image` varchar(255) DEFAULT NULL,
  `created_at` datetime DEFAULT NULL,
  `updated_at` datetime DEFAULT NULL,
  `remember_token` varchar(255) DEFAULT NULL
) ENGINE=InnoDB DEFAULT CHARSET=latin1;

--
-- Dumping data for table `users`
--

INSERT INTO `users` (`id`, `role`, `name`, `surname`, `nick`, `email`, `password`, `image`, `created_at`, `updated_at`, `remember_token`) VALUES
(1, 'user', 'Pepe', 'Cuevas', 'pepe', 'pepe@pepe.com', 'pass', NULL, '2020-10-21 21:33:39', '2020-10-21 21:33:39', NULL),
(2, 'user', 'Juan', 'Lopez', 'juancito', 'juan@juan.com', 'pass', NULL, '2020-10-21 21:33:39', '2020-10-21 21:33:39', NULL),
(3, 'user', 'Santy', 'Garcia', 'santy', 'santy@santy.com', 'pass', NULL, '2020-10-21 21:33:39', '2020-10-21 21:33:39', NULL),
(4, NULL, 'Admin', NULL, NULL, 'admin@admin.com', '$2y$10$Cxq4gkQQSsxeePSf4bTaUOW0tZ0pKcKeDyT4S0nxDBXtn9qYxb7IK', NULL, '2020-10-22 02:02:12', '2020-10-22 02:02:12', NULL),
(5, NULL, 'Guillermo', 'Obregon', 'elguiye', 'guillermo@gmail.com', '$2y$10$YLpUiz82Gj3PsryjLFB9/OdZe.CMwa2pMx6cQVEsLTfW/aS82JBdq', NULL, '2020-10-22 02:39:07', '2020-10-22 02:39:07', NULL),
(6, 'user', 'asdasd', 'asdasd', 'asdasdads', 'hola@gmail.com', '$2y$10$N9qesSHDE467UtALKwUftuAjDp.QwlIGXUp6AvImTkA1wM9ciss1S', NULL, '2020-10-22 02:41:31', '2020-10-22 02:41:31', NULL);

--
-- Indexes for dumped tables
--

--
-- Indexes for table `comments`
--
ALTER TABLE `comments`
  ADD PRIMARY KEY (`id`),
  ADD KEY `fk_comments_users` (`user_id`),
  ADD KEY `fk_comments_images` (`image_id`);

--
-- Indexes for table `images`
--
ALTER TABLE `images`
  ADD PRIMARY KEY (`id`),
  ADD KEY `fk_images_users` (`user_id`);

--
-- Indexes for table `likes`
--
ALTER TABLE `likes`
  ADD PRIMARY KEY (`id`),
  ADD KEY `fk_likes_users` (`user_id`),
  ADD KEY `fk_likes_images` (`image_id`);

--
-- Indexes for table `users`
--
ALTER TABLE `users`
  ADD PRIMARY KEY (`id`);

--
-- AUTO_INCREMENT for dumped tables
--

--
-- AUTO_INCREMENT for table `comments`
--
ALTER TABLE `comments`
  MODIFY `id` int(255) NOT NULL AUTO_INCREMENT, AUTO_INCREMENT=4;

--
-- AUTO_INCREMENT for table `images`
--
ALTER TABLE `images`
  MODIFY `id` int(255) NOT NULL AUTO_INCREMENT, AUTO_INCREMENT=5;

--
-- AUTO_INCREMENT for table `likes`
--
ALTER TABLE `likes`
  MODIFY `id` int(255) NOT NULL AUTO_INCREMENT, AUTO_INCREMENT=6;

--
-- AUTO_INCREMENT for table `users`
--
ALTER TABLE `users`
  MODIFY `id` int(255) NOT NULL AUTO_INCREMENT, AUTO_INCREMENT=7;

--
-- Constraints for dumped tables
--

--
-- Constraints for table `comments`
--
ALTER TABLE `comments`
  ADD CONSTRAINT `fk_comments_images` FOREIGN KEY (`image_id`) REFERENCES `images` (`id`),
  ADD CONSTRAINT `fk_comments_users` FOREIGN KEY (`user_id`) REFERENCES `users` (`id`);

--
-- Constraints for table `images`
--
ALTER TABLE `images`
  ADD CONSTRAINT `fk_images_users` FOREIGN KEY (`user_id`) REFERENCES `users` (`id`);

--
-- Constraints for table `likes`
--
ALTER TABLE `likes`
  ADD CONSTRAINT `fk_likes_images` FOREIGN KEY (`image_id`) REFERENCES `images` (`id`),
  ADD CONSTRAINT `fk_likes_users` FOREIGN KEY (`user_id`) REFERENCES `users` (`id`);
COMMIT;

/*!40101 SET CHARACTER_SET_CLIENT=@OLD_CHARACTER_SET_CLIENT */;
/*!40101 SET CHARACTER_SET_RESULTS=@OLD_CHARACTER_SET_RESULTS */;
/*!40101 SET COLLATION_CONNECTION=@OLD_COLLATION_CONNECTION */;
